"","pathway","description","genes_in_pathway","matches","%_match","pValue","adj.pValue","overlap"
"aberrant stream morphology","aberrant stream morphology","""aberrant stream morphology""","73","6","8.22","7.9544803661265e-06","0.00143916099625628","8616495,8620736,8623948,8625542,8628576,8628596"
"decreased growth rate","decreased growth rate","""decreased growth rate""","159","8","5.03","8.65660749627837e-06","0.00143916099625628","8616704,8617398,8623694,8624671,8626305,8627033,8629023,8629459"
"delayed development","delayed development","""delayed development""","74","6","8.11","8.61309690124753e-06","0.00143916099625628","8617398,8618358,8622318,8624038,8626797,8627033"
"aberrant aggregation","aberrant aggregation","""aberrant aggregation""","62","5","8.06","5.3290578681818e-05","0.00672801996018452","8622682,8623483,8624038,8628576,8628596"
"aberrant cytokinesis","aberrant cytokinesis","""aberrant cytokinesis""","104","6","5.77","6.07039394903866e-05","0.00672801996018452","8617398,8617511,8620736,8624038,8626797,8629023"
"abolished aggregation","abolished aggregation","""abolished aggregation""","83","5","6.02","0.000215353352857681","0.0204585685214797","8616704,8621626,8624038,8627348,8628576"
"aberrant oscillatory cAMP signaling","aberrant oscillatory cAMP signaling","""aberrant oscillatory cAMP signaling""","97","5","5.15","0.000445816951880693","0.0370585341250826","8616495,8623948,8625542,8628576,8628596"
"decreased bleb assembly","decreased bleb assembly","""decreased bleb assembly""","6","2","33.33","0.000653129386652358","0.0482590046804242","8615885,8621626"
"increased mound size","increased mound size","""increased mound size""","31","3","9.68","0.00112187549508381","0.0746047204230733","8622682,8627189,8629459"
"decreased phagocytosis","decreased phagocytosis","""decreased phagocytosis""","71","4","5.63","0.00125057467415005","0.0756029234827076","8621982,8623694,8626797,8629023"
"delayed aggregation","delayed aggregation","""delayed aggregation""","73","4","5.48","0.00138728889774888","0.0768789264169169","8620846,8624038,8626767,8627189"
"decreased stalk width","decreased stalk width","""decreased stalk width""","9","2","22.22","0.00154748755766599","0.079159940449837","8624038,8627033"
"decreased cell motility","decreased cell motility","""decreased cell motility""","78","4","5.13","0.00177426684055645","0.0842776749264312","8615885,8622682,8626797,8629459"
"aberrant contractile vacuole organization","aberrant contractile vacuole organization","""aberrant contractile vacuole organization""","10","2","20","0.0019260948762342","0.0853902061797163","8626797,8627033"
"aberrant cellular homeostasis","aberrant cellular homeostasis","""aberrant cellular homeostasis""","11","2","18.18","0.00234406229776115","0.0974250892506977","8623694,8624038"
"aberrant cellular metabolic process","aberrant cellular metabolic process","""aberrant cellular metabolic process""","12","2","16.67","0.00280086705992744","0.109563329108926","8626211,8629459"
"decreased phototaxis","decreased phototaxis","""decreased phototaxis""","15","2","13.33","0.00439915219786743","0.15397032692536","8623694,8626698"
"increased number of tip-organizers","increased number of tip-organizers","""increased number of tip-organizers""","15","2","13.33","0.00439915219786743","0.15397032692536","8620846,8628596"
"aberrant pinocytosis","aberrant pinocytosis","""aberrant pinocytosis""","1","1","100","0.00673194614443096","0.159883720930235","8626797"
"abolished iron ion transport","abolished iron ion transport","""abolished iron ion transport""","1","1","100","0.00673194614443096","0.159883720930235","8620846"
"decreased glucose level","decreased glucose level","""decreased glucose level""","1","1","100","0.00673194614443096","0.159883720930235","8629459"
"decreased translation","decreased translation","""decreased translation""","1","1","100","0.00673194614443096","0.159883720930235","8626305"
"increased ammonia level","increased ammonia level","""increased ammonia level""","1","1","100","0.00673194614443096","0.159883720930235","8623694"
"increased autophagy","increased autophagy","""increased autophagy""","1","1","100","0.00673194614443096","0.159883720930235","8623694"
"increased defense response to bacterium","increased defense response to bacterium","""increased defense response to bacterium""","1","1","100","0.00673194614443096","0.159883720930235","8621982"
"increased glutamate level","increased glutamate level","""increased glutamate level""","1","1","100","0.00673194614443096","0.159883720930235","8623694"
"increased iron ion transport","increased iron ion transport","""increased iron ion transport""","1","1","100","0.00673194614443096","0.159883720930235","8620846"
"abolished gene expression","abolished gene expression","""abolished gene expression""","19","2","10.53","0.007043069116222","0.161504860768539","8622682,8628576"
"aberrant gene expression","aberrant gene expression","""aberrant gene expression""","22","2","9.09","0.00939346813106596","0.208221876905296","8617200,8618789"
"decreased protein level","decreased protein level","""decreased protein level""","24","2","8.33","0.0111282254702907","0.238718385088495","8626211,8626797"
"decreased necrotic cell death","decreased necrotic cell death","""decreased necrotic cell death""","2","1","50","0.0134195963922725","0.262471517672389","8621626"
"decreased response to lithium","decreased response to lithium","""decreased response to lithium""","2","1","50","0.0134195963922725","0.262471517672389","8617200"
"decreased thermotaxis","decreased thermotaxis","""decreased thermotaxis""","2","1","50","0.0134195963922725","0.262471517672389","8623694"
"aberrant cell migration to prestalk region","aberrant cell migration to prestalk region","""aberrant cell migration to prestalk region""","3","1","33.33","0.020063235473806","0.324434227936025","8623483"
"abolished protein binding","abolished protein binding","""abolished protein binding""","3","1","33.33","0.020063235473806","0.324434227936025","8615885"
"decreased glycogen level","decreased glycogen level","""decreased glycogen level""","3","1","33.33","0.020063235473806","0.324434227936025","8623694"
"decreased mitochondrial fission","decreased mitochondrial fission","""decreased mitochondrial fission""","3","1","33.33","0.020063235473806","0.324434227936025","8623694"
"decreased mound size","decreased mound size","""decreased mound size""","33","2","6.06","0.0204905828170121","0.324434227936025","8618358,8626211"
"decreased resistance to hydrogen peroxide","decreased resistance to hydrogen peroxide","""decreased resistance to hydrogen peroxide""","3","1","33.33","0.020063235473806","0.324434227936025","8621802"
"decreased secretion of lysosomal enzymes","decreased secretion of lysosomal enzymes","""decreased secretion of lysosomal enzymes""","3","1","33.33","0.020063235473806","0.324434227936025","8626211"
"mitotic G1 phase arrest","mitotic G1 phase arrest","""mitotic G1 phase arrest""","3","1","33.33","0.020063235473806","0.324434227936025","8629459"
"aberrant culmination","aberrant culmination","""aberrant culmination""","89","3","3.37","0.021627932276107","0.334478487525842","8626305,8628576,8628596"
"increased growth rate","increased growth rate","""increased growth rate""","35","2","5.71","0.0228959344308177","0.34604082719304","8622318,8624038"
"aberrant endosome morphology","aberrant endosome morphology","""aberrant endosome morphology""","4","1","25","0.0266631463323935","0.355251698905959","8627033"
"aberrant inositol phosphate metabolic process","aberrant inositol phosphate metabolic process","""aberrant inositol phosphate metabolic process""","4","1","25","0.0266631463323935","0.355251698905959","8617200"
"aberrant response to cAMP","aberrant response to cAMP","""aberrant response to cAMP""","4","1","25","0.0266631463323935","0.355251698905959","8624038"
"abolished vegetative growth","abolished vegetative growth","""abolished vegetative growth""","38","2","5.26","0.0267106540530796","0.355251698905959","8617398,8628576"
"decreased defense response to Gram-positive bacterium","decreased defense response to Gram-positive bacterium","""decreased defense response to Gram-positive bacterium""","4","1","25","0.0266631463323935","0.355251698905959","8620846"
"decreased guanylyl cyclase activity","decreased guanylyl cyclase activity","""decreased guanylyl cyclase activity""","4","1","25","0.0266631463323935","0.355251698905959","8626211"
"aberrant actin filament organization","aberrant actin filament organization","""aberrant actin filament organization""","39","2","5.13","0.0280357176757679","0.365563769693837","8623483,8629023"
"aberrant positive regulation of chemorepellant activity","aberrant positive regulation of chemorepellant activity","""aberrant positive regulation of chemorepellant activity""","5","1","20","0.0332196101354209","0.380880012759567","8617511"
"decreased protein secretion","decreased protein secretion","""decreased protein secretion""","5","1","20","0.0332196101354209","0.380880012759567","8629459"
"decreased response to Gram-positive bacterium","decreased response to Gram-positive bacterium","""decreased response to Gram-positive bacterium""","5","1","20","0.0332196101354209","0.380880012759567","8622318"
"decreased spore germination","decreased spore germination","""decreased spore germination""","42","2","4.76","0.0321658093868472","0.380880012759567","8616333,8627033"
"increased basal disc size","increased basal disc size","""increased basal disc size""","5","1","20","0.0332196101354209","0.380880012759567","8624038"
"increased defense response to Gram-negative bacterium","increased defense response to Gram-negative bacterium","""increased defense response to Gram-negative bacterium""","5","1","20","0.0332196101354209","0.380880012759567","8620846"
"increased fruiting body size","increased fruiting body size","""increased fruiting body size""","5","1","20","0.0332196101354209","0.380880012759567","8626211"
"increased gene expression","increased gene expression","""increased gene expression""","44","2","4.55","0.0350443972907709","0.394991935565468","8627189,8629459"
"aberrant response to osmotic stress","aberrant response to osmotic stress","""aberrant response to osmotic stress""","6","1","16.67","0.0397329062851747","0.440373044660686","8626797"
"abolished protein localization to cell cortex","abolished protein localization to cell cortex","""abolished protein localization to cell cortex""","7","1","14.29","0.0462033124296543","0.480081293214376","8617398"
"increased chemotaxis to cAMP","increased chemotaxis to cAMP","""increased chemotaxis to cAMP""","7","1","14.29","0.0462033124296543","0.480081293214376","8623344"
"increased oscillatory cAMP signaling","increased oscillatory cAMP signaling","""increased oscillatory cAMP signaling""","7","1","14.29","0.0462033124296543","0.480081293214376","8626211"
"increased resistance to cisplatin","increased resistance to cisplatin","""increased resistance to cisplatin""","7","1","14.29","0.0462033124296543","0.480081293214376","8626211"
"aberrant slug migration","aberrant slug migration","""aberrant slug migration""","58","2","3.45","0.0577362560530892","0.537616577135227","8628576,8628596"
"aberrant spore morphology","aberrant spore morphology","""aberrant spore morphology""","9","1","11.11","0.0590165565877768","0.537616577135227","8623694"
"abolished culmination","abolished culmination","""abolished culmination""","57","2","3.51","0.0559793938828961","0.537616577135227","8623312,8628596"
"decreased lateral pseudopodium retraction","decreased lateral pseudopodium retraction","""decreased lateral pseudopodium retraction""","9","1","11.11","0.0590165565877768","0.537616577135227","8615885"
"development arrests at mound stage","development arrests at mound stage","""development arrests at mound stage""","56","2","3.57","0.054242091826969","0.537616577135227","8618358,8628596"
"increased migratory slug size","increased migratory slug size","""increased migratory slug size""","9","1","11.11","0.0590165565877768","0.537616577135227","8627189"
"increased protein localization to plasma membrane","increased protein localization to plasma membrane","""increased protein localization to plasma membrane""","9","1","11.11","0.0590165565877768","0.537616577135227","8620939"
"increased slug migration","increased slug migration","""increased slug migration""","8","1","12.5","0.0526311044733202","0.537616577135227","8623694"
"increased stalk length","increased stalk length","""increased stalk length""","9","1","11.11","0.0590165565877768","0.537616577135227","8624038"
"aberrant cellular process","aberrant cellular process","""aberrant cellular process""","10","1","10","0.0653599412223932","0.557235396319121","8621802"
"aberrant cytoskeleton organization","aberrant cytoskeleton organization","""aberrant cytoskeleton organization""","10","1","10","0.0653599412223932","0.557235396319121","8617398"
"aberrant regulation of GTPase activity","aberrant regulation of GTPase activity","""aberrant regulation of GTPase activity""","10","1","10","0.0653599412223932","0.557235396319121","8623483"
"decreased cGMP-mediated signaling","decreased cGMP-mediated signaling","""decreased cGMP-mediated signaling""","10","1","10","0.0653599412223932","0.557235396319121","8626211"
"increased protein level","increased protein level","""increased protein level""","10","1","10","0.0653599412223932","0.557235396319121","8626211"
"decreased chemotaxis to cAMP","decreased chemotaxis to cAMP","""decreased chemotaxis to cAMP""","66","2","3.03","0.0724566079390444","0.609919547841323","8617398,8626698"
"aberrant cellular response to stress","aberrant cellular response to stress","""aberrant cellular response to stress""","12","1","8.33","0.0779215893016675","0.624311528742276","8628686"
"decreased exocytosis","decreased exocytosis","""decreased exocytosis""","12","1","8.33","0.0779215893016675","0.624311528742276","8621982"
"decreased response to Gram-negative bacterium","decreased response to Gram-negative bacterium","""decreased response to Gram-negative bacterium""","12","1","8.33","0.0779215893016675","0.624311528742276","8626211"
"increased myosin II assembly","increased myosin II assembly","""increased myosin II assembly""","12","1","8.33","0.0779215893016675","0.624311528742276","8626211"
"abolished positive regulation of chemorepellant activity","abolished positive regulation of chemorepellant activity","""abolished positive regulation of chemorepellant activity""","14","1","7.14","0.0903181942609261","0.715019037898999","8621626"
"aberrant cell separation during cytokinesis","aberrant cell separation during cytokinesis","""aberrant cell separation during cytokinesis""","15","1","6.67","0.096455268694002","0.74584597304083","8620939"
"abolished catalytic activity","abolished catalytic activity","""abolished catalytic activity""","15","1","6.67","0.096455268694002","0.74584597304083","8628576"
"decreased sporulation","decreased sporulation","""decreased sporulation""","79","2","2.53","0.0985959330095753","0.753635579900777","8616333,8627189"
"aberrant hypotonic response","aberrant hypotonic response","""aberrant hypotonic response""","16","1","6.25","0.102551874763234","0.757744407972786","8627033"
"decreased cell-cell adhesion","decreased cell-cell adhesion","""decreased cell-cell adhesion""","16","1","6.25","0.102551874763234","0.757744407972786","8626211"
"decreased prestalk gene expression","decreased prestalk gene expression","""decreased prestalk gene expression""","16","1","6.25","0.102551874763234","0.757744407972786","8624038"
"decreased vegetative cell size","decreased vegetative cell size","""decreased vegetative cell size""","17","1","5.88","0.108608273154402","0.785048930953018","8623694"
"increased vegetative cell size","increased vegetative cell size","""increased vegetative cell size""","17","1","5.88","0.108608273154402","0.785048930953018","8628686"
"decreased catalytic activity","decreased catalytic activity","""decreased catalytic activity""","18","1","5.56","0.114624722913753","0.802373060396273","8617511"
"decreased gene expression","decreased gene expression","""decreased gene expression""","86","2","2.33","0.113624523309467","0.802373060396273","8622682,8627189"
"increased cell motility","increased cell motility","""increased cell motility""","18","1","5.56","0.114624722913753","0.802373060396273","8626211"
"increased number of mound tips","increased number of mound tips","""increased number of mound tips""","20","1","5","0.126538804584629","0.867508299471938","8617398"
"precocious aggregation","precocious aggregation","""precocious aggregation""","20","1","5","0.126538804584629","0.867508299471938","8626305"
"development arrests at loose mound stage","development arrests at loose mound stage","""development arrests at loose mound stage""","21","1","4.76","0.132436946481233","0.898679279694084","8622682"
"decreased defense response to Gram-negative bacterium","decreased defense response to Gram-negative bacterium","""decreased defense response to Gram-negative bacterium""","23","1","4.35","0.144116695347243","0.958376024059167","8620846"
"decreased macropinocytosis","decreased macropinocytosis","""decreased macropinocytosis""","23","1","4.35","0.144116695347243","0.958376024059167","8629023"
"aberrant fruiting body morphogenesis","aberrant fruiting body morphogenesis","""aberrant fruiting body morphogenesis""","101","2","1.98","0.147591942019932","0.971768727160935","8624038,8627189"
"aberrant DNA repair","aberrant DNA repair","""aberrant DNA repair""","1","0","0","1","1",""
"aberrant G protein-coupled receptor signaling","aberrant G protein-coupled receptor signaling","""aberrant G protein-coupled receptor signaling""","1","0","0","1","1",""
"aberrant GABA signaling pathway","aberrant GABA signaling pathway","""aberrant GABA signaling pathway""","3","0","0","1","1",""
"aberrant Golgi localization","aberrant Golgi localization","""aberrant Golgi localization""","3","0","0","1","1",""
"aberrant actin cytoskeleton organization","aberrant actin cytoskeleton organization","""aberrant actin cytoskeleton organization""","6","0","0","1","1",""
"aberrant actin filament polymerization","aberrant actin filament polymerization","""aberrant actin filament polymerization""","9","0","0","1","1",""
"aberrant activation of GTPase activity","aberrant activation of GTPase activity","""aberrant activation of GTPase activity""","6","0","0","1","1",""
"aberrant activation of adenylate cyclase activity","aberrant activation of adenylate cyclase activity","""aberrant activation of adenylate cyclase activity""","7","0","0","1","1",""
"aberrant adaptation of signaling pathway","aberrant adaptation of signaling pathway","""aberrant adaptation of signaling pathway""","4","0","0","1","1",""
"aberrant autophagic cell death","aberrant autophagic cell death","""aberrant autophagic cell death""","3","0","0","1","1",""
"aberrant autophagy","aberrant autophagy","""aberrant autophagy""","3","0","0","1","1",""
"aberrant binding","aberrant binding","""aberrant binding""","3","0","0","1","1",""
"aberrant bleb assembly","aberrant bleb assembly","""aberrant bleb assembly""","1","0","0","1","1",""
"aberrant calcium-mediated signaling","aberrant calcium-mediated signaling","""aberrant calcium-mediated signaling""","10","0","0","1","1",""
"aberrant catalytic activity","aberrant catalytic activity","""aberrant catalytic activity""","1","0","0","1","1",""
"aberrant cell adhesion","aberrant cell adhesion","""aberrant cell adhesion""","1","0","0","1","1",""
"aberrant cell cycle","aberrant cell cycle","""aberrant cell cycle""","5","0","0","1","1",""
"aberrant cell differentiation","aberrant cell differentiation","""aberrant cell differentiation""","2","0","0","1","1",""
"aberrant cell morphology","aberrant cell morphology","""aberrant cell morphology""","43","1","2.33","0.252777969184136","1","8620736"
"aberrant cell motility","aberrant cell motility","""aberrant cell motility""","8","0","0","1","1",""
"aberrant cell-cell adhesion","aberrant cell-cell adhesion","""aberrant cell-cell adhesion""","5","0","0","1","1",""
"aberrant cellular component organization","aberrant cellular component organization","""aberrant cellular component organization""","2","0","0","1","1",""
"aberrant cellular localization","aberrant cellular localization","""aberrant cellular localization""","0","0","NaN","1","1",""
"aberrant cellular response to extracellular stimulus","aberrant cellular response to extracellular stimulus","""aberrant cellular response to extracellular stimulus""","8","0","0","1","1",""
"aberrant cellular response to fluid shear stress","aberrant cellular response to fluid shear stress","""aberrant cellular response to fluid shear stress""","5","0","0","1","1",""
"aberrant cellular response to nitrogen starvation","aberrant cellular response to nitrogen starvation","""aberrant cellular response to nitrogen starvation""","5","0","0","1","1",""
"aberrant cellular response to starvation","aberrant cellular response to starvation","""aberrant cellular response to starvation""","0","0","NaN","1","1",""
"aberrant centromere complex assembly","aberrant centromere complex assembly","""aberrant centromere complex assembly""","2","0","0","1","1",""
"aberrant centrosome localization","aberrant centrosome localization","""aberrant centrosome localization""","3","0","0","1","1",""
"aberrant centrosome organization","aberrant centrosome organization","""aberrant centrosome organization""","5","0","0","1","1",""
"aberrant chemotaxis to cAMP","aberrant chemotaxis to cAMP","""aberrant chemotaxis to cAMP""","33","1","3.03","0.200248883341493","1","8621626"
"aberrant chemotaxis to folate","aberrant chemotaxis to folate","""aberrant chemotaxis to folate""","6","0","0","1","1",""
"aberrant chemotaxis","aberrant chemotaxis","""aberrant chemotaxis""","6","0","0","1","1",""
"aberrant chromatin assembly","aberrant chromatin assembly","""aberrant chromatin assembly""","0","0","NaN","1","1",""
"aberrant contractile vacuole discharge","aberrant contractile vacuole discharge","""aberrant contractile vacuole discharge""","3","0","0","1","1",""
"aberrant contractile vacuole localization","aberrant contractile vacuole localization","""aberrant contractile vacuole localization""","2","0","0","1","1",""
"aberrant contractile vacuole morphology","aberrant contractile vacuole morphology","""aberrant contractile vacuole morphology""","8","0","0","1","1",""
"aberrant cortical actin cytoskeleton organization","aberrant cortical actin cytoskeleton organization","""aberrant cortical actin cytoskeleton organization""","8","0","0","1","1",""
"aberrant cyclic nucleotide binding","aberrant cyclic nucleotide binding","""aberrant cyclic nucleotide binding""","1","0","0","1","1",""
"aberrant defense response to bacterium","aberrant defense response to bacterium","""aberrant defense response to bacterium""","11","0","0","1","1",""
"aberrant development of tipped mound","aberrant development of tipped mound","""aberrant development of tipped mound""","6","0","0","1","1",""
"aberrant double-strand break repair via homologous recombination","aberrant double-strand break repair via homologous recombination","""aberrant double-strand break repair via homologous recombination""","1","0","0","1","1",""
"aberrant endocytosis","aberrant endocytosis","""aberrant endocytosis""","2","0","0","1","1",""
"aberrant endoplasmic reticulum membrane organization","aberrant endoplasmic reticulum membrane organization","""aberrant endoplasmic reticulum membrane organization""","1","0","0","1","1",""
"aberrant endoplasmic reticulum organization","aberrant endoplasmic reticulum organization","""aberrant endoplasmic reticulum organization""","1","0","0","1","1",""
"aberrant endosomal transport","aberrant endosomal transport","""aberrant endosomal transport""","1","0","0","1","1",""
"aberrant engulfment during phagocytosis","aberrant engulfment during phagocytosis","""aberrant engulfment during phagocytosis""","2","0","0","1","1",""
"aberrant epithelium-like organization","aberrant epithelium-like organization","""aberrant epithelium-like organization""","1","0","0","1","1",""
"aberrant establishment or maintenance of cell polarity","aberrant establishment or maintenance of cell polarity","""aberrant establishment or maintenance of cell polarity""","3","0","0","1","1",""
"aberrant exocytosis","aberrant exocytosis","""aberrant exocytosis""","1","0","0","1","1",""
"aberrant extracellular cAMP signaling pathway","aberrant extracellular cAMP signaling pathway","""aberrant extracellular cAMP signaling pathway""","14","0","0","1","1",""
"aberrant filopodium formation","aberrant filopodium formation","""aberrant filopodium formation""","6","0","0","1","1",""
"aberrant glycogen metabolism","aberrant glycogen metabolism","""aberrant glycogen metabolism""","1","0","0","1","1",""
"aberrant hyperosmotic response","aberrant hyperosmotic response","""aberrant hyperosmotic response""","13","0","0","1","1",""
"aberrant intermediate filament bundle assembly","aberrant intermediate filament bundle assembly","""aberrant intermediate filament bundle assembly""","0","0","NaN","1","1",""
"aberrant intermediate filament organization","aberrant intermediate filament organization","""aberrant intermediate filament organization""","0","0","NaN","1","1",""
"aberrant intracellular distribution of mitochondria","aberrant intracellular distribution of mitochondria","""aberrant intracellular distribution of mitochondria""","2","0","0","1","1",""
"aberrant late culminant morphology","aberrant late culminant morphology","""aberrant late culminant morphology""","8","0","0","1","1",""
"aberrant lipid droplet formation","aberrant lipid droplet formation","""aberrant lipid droplet formation""","0","0","NaN","1","1",""
"aberrant lipid storage","aberrant lipid storage","""aberrant lipid storage""","1","0","0","1","1",""
"aberrant localization to coated pits","aberrant localization to coated pits","""aberrant localization to coated pits""","1","0","0","1","1",""
"aberrant localization","aberrant localization","""aberrant localization""","2","0","0","1","1",""
"aberrant lysosome organization","aberrant lysosome organization","""aberrant lysosome organization""","2","0","0","1","1",""
"aberrant macroautophagy","aberrant macroautophagy","""aberrant macroautophagy""","4","0","0","1","1",""
"aberrant macrocyst formation","aberrant macrocyst formation","""aberrant macrocyst formation""","3","0","0","1","1",""
"aberrant macromolecule biosynthesis","aberrant macromolecule biosynthesis","""aberrant macromolecule biosynthesis""","1","0","0","1","1",""
"aberrant macropinocytosis","aberrant macropinocytosis","""aberrant macropinocytosis""","11","0","0","1","1",""
"aberrant microtubule cytoskeleton organization","aberrant microtubule cytoskeleton organization","""aberrant microtubule cytoskeleton organization""","5","0","0","1","1",""
"aberrant mitochondrion morphology","aberrant mitochondrion morphology","""aberrant mitochondrion morphology""","5","0","0","1","1",""
"aberrant mitochondrion organization","aberrant mitochondrion organization","""aberrant mitochondrion organization""","3","0","0","1","1",""
"aberrant mitosis","aberrant mitosis","""aberrant mitosis""","3","0","0","1","1",""
"aberrant mitotic actomyosin contractile ring contraction","aberrant mitotic actomyosin contractile ring contraction","""aberrant mitotic actomyosin contractile ring contraction""","3","0","0","1","1",""
"aberrant mitotic anaphase","aberrant mitotic anaphase","""aberrant mitotic anaphase""","1","0","0","1","1",""
"aberrant mitotic sister chromatid segregation","aberrant mitotic sister chromatid segregation","""aberrant mitotic sister chromatid segregation""","2","0","0","1","1",""
"aberrant mitotic spindle elongation","aberrant mitotic spindle elongation","""aberrant mitotic spindle elongation""","1","0","0","1","1",""
"aberrant mitotic spindle organization","aberrant mitotic spindle organization","""aberrant mitotic spindle organization""","7","0","0","1","1",""
"aberrant molecular function","aberrant molecular function","""aberrant molecular function""","1","0","0","1","1",""
"aberrant mound color","aberrant mound color","""aberrant mound color""","2","0","0","1","1",""
"aberrant mound size","aberrant mound size","""aberrant mound size""","1","0","0","1","1",""
"aberrant myosin II filament organization","aberrant myosin II filament organization","""aberrant myosin II filament organization""","5","0","0","1","1",""
"aberrant negative chemotaxis","aberrant negative chemotaxis","""aberrant negative chemotaxis""","2","0","0","1","1",""
"aberrant nuclear envelope morphology","aberrant nuclear envelope morphology","""aberrant nuclear envelope morphology""","1","0","0","1","1",""
"aberrant nuclear membrane organization","aberrant nuclear membrane organization","""aberrant nuclear membrane organization""","1","0","0","1","1",""
"aberrant nucleus morphology","aberrant nucleus morphology","""aberrant nucleus morphology""","5","0","0","1","1",""
"aberrant nucleus organization","aberrant nucleus organization","""aberrant nucleus organization""","1","0","0","1","1",""
"aberrant organelle organization","aberrant organelle organization","""aberrant organelle organization""","0","0","NaN","1","1",""
"aberrant osmosensory signaling pathway","aberrant osmosensory signaling pathway","""aberrant osmosensory signaling pathway""","1","0","0","1","1",""
"aberrant phagocytosis","aberrant phagocytosis","""aberrant phagocytosis""","10","0","0","1","1",""
"aberrant phagolysosome formation","aberrant phagolysosome formation","""aberrant phagolysosome formation""","1","0","0","1","1",""
"aberrant phagosome maturation","aberrant phagosome maturation","""aberrant phagosome maturation""","16","0","0","1","1",""
"aberrant phosphatidylinositol metabolism","aberrant phosphatidylinositol metabolism","""aberrant phosphatidylinositol metabolism""","1","0","0","1","1",""
"aberrant phototaxis","aberrant phototaxis","""aberrant phototaxis""","14","0","0","1","1",""
"aberrant pinosome maturation","aberrant pinosome maturation","""aberrant pinosome maturation""","2","0","0","1","1",""
"aberrant plasma membrane organization","aberrant plasma membrane organization","""aberrant plasma membrane organization""","1","0","0","1","1",""
"aberrant pore formation during contractile vacuole discharge","aberrant pore formation during contractile vacuole discharge","""aberrant pore formation during contractile vacuole discharge""","1","0","0","1","1",""
"aberrant positive regulation of mitochondrial membrane potential","aberrant positive regulation of mitochondrial membrane potential","""aberrant positive regulation of mitochondrial membrane potential""","1","0","0","1","1",""
"aberrant post-lysosomal vacuole exocytosis","aberrant post-lysosomal vacuole exocytosis","""aberrant post-lysosomal vacuole exocytosis""","1","0","0","1","1",""
"aberrant prespore cell differentiation","aberrant prespore cell differentiation","""aberrant prespore cell differentiation""","4","0","0","1","1",""
"aberrant prespore gene expression","aberrant prespore gene expression","""aberrant prespore gene expression""","6","0","0","1","1",""
"aberrant prestalk A cell differentiation","aberrant prestalk A cell differentiation","""aberrant prestalk A cell differentiation""","1","0","0","1","1",""
"aberrant prestalk B cell differentiation","aberrant prestalk B cell differentiation","""aberrant prestalk B cell differentiation""","1","0","0","1","1",""
"aberrant prestalk O cell differentiation","aberrant prestalk O cell differentiation","""aberrant prestalk O cell differentiation""","2","0","0","1","1",""
"aberrant prestalk cell differentiation","aberrant prestalk cell differentiation","""aberrant prestalk cell differentiation""","7","0","0","1","1",""
"aberrant prestalk gene expression","aberrant prestalk gene expression","""aberrant prestalk gene expression""","8","0","0","1","1",""
"aberrant production of siRNA involved in RNA interference","aberrant production of siRNA involved in RNA interference","""aberrant production of siRNA involved in RNA interference""","4","0","0","1","1",""
"aberrant protein level","aberrant protein level","""aberrant protein level""","3","0","0","1","1",""
"aberrant protein localization to autophagosome","aberrant protein localization to autophagosome","""aberrant protein localization to autophagosome""","1","0","0","1","1",""
"aberrant protein localization to basolateral plasma membrane","aberrant protein localization to basolateral plasma membrane","""aberrant protein localization to basolateral plasma membrane""","1","0","0","1","1",""
"aberrant protein localization to cell cortex","aberrant protein localization to cell cortex","""aberrant protein localization to cell cortex""","3","0","0","1","1",""
"aberrant protein localization to cell surface","aberrant protein localization to cell surface","""aberrant protein localization to cell surface""","1","0","0","1","1",""
"aberrant protein localization to clathrin-coated pit","aberrant protein localization to clathrin-coated pit","""aberrant protein localization to clathrin-coated pit""","1","0","0","1","1",""
"aberrant protein localization to contractile vacuole","aberrant protein localization to contractile vacuole","""aberrant protein localization to contractile vacuole""","2","0","0","1","1",""
"aberrant protein localization to cytoplasm","aberrant protein localization to cytoplasm","""aberrant protein localization to cytoplasm""","3","0","0","1","1",""
"aberrant protein localization to cytoplasmic vesicle","aberrant protein localization to cytoplasmic vesicle","""aberrant protein localization to cytoplasmic vesicle""","1","0","0","1","1",""
"aberrant protein localization to lysosomal membrane","aberrant protein localization to lysosomal membrane","""aberrant protein localization to lysosomal membrane""","0","0","NaN","1","1",""
"aberrant protein localization to mitotic spindle","aberrant protein localization to mitotic spindle","""aberrant protein localization to mitotic spindle""","2","0","0","1","1",""
"aberrant protein localization to nuclear envelope","aberrant protein localization to nuclear envelope","""aberrant protein localization to nuclear envelope""","1","0","0","1","1",""
"aberrant protein localization to nucleus","aberrant protein localization to nucleus","""aberrant protein localization to nucleus""","6","0","0","1","1",""
"aberrant protein localization to plasma membrane","aberrant protein localization to plasma membrane","""aberrant protein localization to plasma membrane""","12","0","0","1","1",""
"aberrant protein localization to post-lysosomal vacuole","aberrant protein localization to post-lysosomal vacuole","""aberrant protein localization to post-lysosomal vacuole""","1","0","0","1","1",""
"aberrant protein localization to pseudopodium","aberrant protein localization to pseudopodium","""aberrant protein localization to pseudopodium""","1","0","0","1","1",""
"aberrant protein localization to trailing edge","aberrant protein localization to trailing edge","""aberrant protein localization to trailing edge""","1","0","0","1","1",""
"aberrant protein localization","aberrant protein localization","""aberrant protein localization""","13","0","0","1","1",""
"aberrant protein modification","aberrant protein modification","""aberrant protein modification""","6","0","0","1","1",""
"aberrant protein phosphorylation","aberrant protein phosphorylation","""aberrant protein phosphorylation""","2","0","0","1","1",""
"aberrant protein secretion","aberrant protein secretion","""aberrant protein secretion""","1","0","0","1","1",""
"aberrant protein tyrosine phosphorylation","aberrant protein tyrosine phosphorylation","""aberrant protein tyrosine phosphorylation""","1","0","0","1","1",""
"aberrant pseudopodium formation","aberrant pseudopodium formation","""aberrant pseudopodium formation""","14","0","0","1","1",""
"aberrant regulation of catalytic activity","aberrant regulation of catalytic activity","""aberrant regulation of catalytic activity""","1","0","0","1","1",""
"aberrant regulation of fruiting body formation","aberrant regulation of fruiting body formation","""aberrant regulation of fruiting body formation""","1","0","0","1","1",""
"aberrant regulation of intracellular pH","aberrant regulation of intracellular pH","""aberrant regulation of intracellular pH""","1","0","0","1","1",""
"aberrant regulation of mitochondrial membrane potential","aberrant regulation of mitochondrial membrane potential","""aberrant regulation of mitochondrial membrane potential""","1","0","0","1","1",""
"aberrant regulation of protein kinase activity","aberrant regulation of protein kinase activity","""aberrant regulation of protein kinase activity""","8","0","0","1","1",""
"aberrant regulation of protein modification","aberrant regulation of protein modification","""aberrant regulation of protein modification""","1","0","0","1","1",""
"aberrant response to UV","aberrant response to UV","""aberrant response to UV""","4","0","0","1","1",""
"aberrant response to abiotic stimulus","aberrant response to abiotic stimulus","""aberrant response to abiotic stimulus""","4","0","0","1","1",""
"aberrant response to biotic stimulus","aberrant response to biotic stimulus","""aberrant response to biotic stimulus""","1","0","0","1","1",""
"aberrant response to bleomycin","aberrant response to bleomycin","""aberrant response to bleomycin""","1","0","0","1","1",""
"aberrant response to cation stress","aberrant response to cation stress","""aberrant response to cation stress""","3","0","0","1","1",""
"aberrant response to chemical","aberrant response to chemical","""aberrant response to chemical""","4","0","0","1","1",""
"aberrant response to cisplatin","aberrant response to cisplatin","""aberrant response to cisplatin""","0","0","NaN","1","1",""
"aberrant response to lithium","aberrant response to lithium","""aberrant response to lithium""","2","0","0","1","1",""
"aberrant response to nutrient","aberrant response to nutrient","""aberrant response to nutrient""","2","0","0","1","1",""
"aberrant response to oxidative stress","aberrant response to oxidative stress","""aberrant response to oxidative stress""","7","0","0","1","1",""
"aberrant response to stimulus","aberrant response to stimulus","""aberrant response to stimulus""","1","0","0","1","1",""
"aberrant secretion","aberrant secretion","""aberrant secretion""","1","0","0","1","1",""
"aberrant signal transduction","aberrant signal transduction","""aberrant signal transduction""","7","0","0","1","1",""
"aberrant slug development","aberrant slug development","""aberrant slug development""","11","0","0","1","1",""
"aberrant socially cooperative development","aberrant socially cooperative development","""aberrant socially cooperative development""","3","0","0","1","1",""
"aberrant sorocarp development","aberrant sorocarp development","""aberrant sorocarp development""","52","1","1.92","0.297160774462686","1","8621802"
"aberrant sorus color","aberrant sorus color","""aberrant sorus color""","9","0","0","1","1",""
"aberrant sorus morphology","aberrant sorus morphology","""aberrant sorus morphology""","7","0","0","1","1",""
"aberrant spore coat morphology","aberrant spore coat morphology","""aberrant spore coat morphology""","12","0","0","1","1",""
"aberrant spore germination","aberrant spore germination","""aberrant spore germination""","3","0","0","1","1",""
"aberrant sporulation","aberrant sporulation","""aberrant sporulation""","7","0","0","1","1",""
"aberrant stalk cell differentiation","aberrant stalk cell differentiation","""aberrant stalk cell differentiation""","3","0","0","1","1",""
"aberrant stalk development","aberrant stalk development","""aberrant stalk development""","5","0","0","1","1",""
"aberrant stalk morphogenesis","aberrant stalk morphogenesis","""aberrant stalk morphogenesis""","10","0","0","1","1",""
"aberrant standing slug morphology","aberrant standing slug morphology","""aberrant standing slug morphology""","3","0","0","1","1",""
"aberrant substrate adhesion-dependent cell spreading","aberrant substrate adhesion-dependent cell spreading","""aberrant substrate adhesion-dependent cell spreading""","0","0","NaN","1","1",""
"aberrant taxis","aberrant taxis","""aberrant taxis""","4","0","0","1","1",""
"aberrant thermotaxis","aberrant thermotaxis","""aberrant thermotaxis""","5","0","0","1","1",""
"aberrant transport","aberrant transport","""aberrant transport""","1","0","0","1","1",""
"aberrant upper cup formation","aberrant upper cup formation","""aberrant upper cup formation""","1","0","0","1","1",""
"aberrant vacuole organization","aberrant vacuole organization","""aberrant vacuole organization""","7","0","0","1","1",""
"aberrant vegetative growth","aberrant vegetative growth","""aberrant vegetative growth""","46","1","2.17","0.2678682842615","1","8628596"
"abolished 3' 5'-cyclic-AMP phosphodiesterase activity","abolished 3' 5'-cyclic-AMP phosphodiesterase activity","""abolished 3' 5'-cyclic-AMP phosphodiesterase activity""","1","0","0","1","1",""
"abolished C-terminal protein methylation","abolished C-terminal protein methylation","""abolished C-terminal protein methylation""","1","0","0","1","1",""
"abolished DIF-1 biosynthesis","abolished DIF-1 biosynthesis","""abolished DIF-1 biosynthesis""","3","0","0","1","1",""
"abolished MPBD level","abolished MPBD level","""abolished MPBD level""","1","0","0","1","1",""
"abolished actin filament depolymerization","abolished actin filament depolymerization","""abolished actin filament depolymerization""","1","0","0","1","1",""
"abolished actin filament polymerization","abolished actin filament polymerization","""abolished actin filament polymerization""","5","0","0","1","1",""
"abolished activation of GTPase activity","abolished activation of GTPase activity","""abolished activation of GTPase activity""","7","0","0","1","1",""
"abolished activation of adenylate cyclase activity","abolished activation of adenylate cyclase activity","""abolished activation of adenylate cyclase activity""","8","0","0","1","1",""
"abolished adenylate cyclase activity","abolished adenylate cyclase activity","""abolished adenylate cyclase activity""","3","0","0","1","1",""
"abolished autophagic cell death","abolished autophagic cell death","""abolished autophagic cell death""","5","0","0","1","1",""
"abolished autophagosome organization","abolished autophagosome organization","""abolished autophagosome organization""","6","0","0","1","1",""
"abolished basal disc formation","abolished basal disc formation","""abolished basal disc formation""","1","0","0","1","1",""
"abolished bleb assembly","abolished bleb assembly","""abolished bleb assembly""","2","0","0","1","1",""
"abolished cAMP binding","abolished cAMP binding","""abolished cAMP binding""","1","0","0","1","1",""
"abolished cGMP-mediated signaling","abolished cGMP-mediated signaling","""abolished cGMP-mediated signaling""","1","0","0","1","1",""
"abolished calcium-independent cell-cell adhesion","abolished calcium-independent cell-cell adhesion","""abolished calcium-independent cell-cell adhesion""","1","0","0","1","1",""
"abolished catalase activity","abolished catalase activity","""abolished catalase activity""","1","0","0","1","1",""
"abolished cell migration to prestalk region","abolished cell migration to prestalk region","""abolished cell migration to prestalk region""","7","0","0","1","1",""
"abolished cell motility in response to calcium ion","abolished cell motility in response to calcium ion","""abolished cell motility in response to calcium ion""","1","0","0","1","1",""
"abolished cell motility","abolished cell motility","""abolished cell motility""","5","0","0","1","1",""
"abolished cell-cell self recognition","abolished cell-cell self recognition","""abolished cell-cell self recognition""","1","0","0","1","1",""
"abolished cell-substrate adhesion","abolished cell-substrate adhesion","""abolished cell-substrate adhesion""","2","0","0","1","1",""
"abolished cellulose binding","abolished cellulose binding","""abolished cellulose binding""","2","0","0","1","1",""
"abolished cellulose biosynthesis","abolished cellulose biosynthesis","""abolished cellulose biosynthesis""","5","0","0","1","1",""
"abolished chemorepellant activity","abolished chemorepellant activity","""abolished chemorepellant activity""","1","0","0","1","1",""
"abolished chemotaxis to cAMP","abolished chemotaxis to cAMP","""abolished chemotaxis to cAMP""","16","0","0","1","1",""
"abolished chemotaxis to folate","abolished chemotaxis to folate","""abolished chemotaxis to folate""","4","0","0","1","1",""
"abolished contractile vacuole discharge","abolished contractile vacuole discharge","""abolished contractile vacuole discharge""","1","0","0","1","1",""
"abolished contractile vacuole dissociation from plasma membrane","abolished contractile vacuole dissociation from plasma membrane","""abolished contractile vacuole dissociation from plasma membrane""","1","0","0","1","1",""
"abolished cytokinesis","abolished cytokinesis","""abolished cytokinesis""","9","0","0","1","1",""
"abolished defense response to Gram-negative  bacterium","abolished defense response to Gram-negative  bacterium","""abolished defense response to Gram-negative  bacterium""","1","0","0","1","1",""
"abolished defense response to bacterium","abolished defense response to bacterium","""abolished defense response to bacterium""","2","0","0","1","1",""
"abolished development of tipped mound","abolished development of tipped mound","""abolished development of tipped mound""","2","0","0","1","1",""
"abolished endocytic recycling","abolished endocytic recycling","""abolished endocytic recycling""","1","0","0","1","1",""
"abolished epithelium-like organization","abolished epithelium-like organization","""abolished epithelium-like organization""","0","0","NaN","1","1",""
"abolished establishment of cell polarity","abolished establishment of cell polarity","""abolished establishment of cell polarity""","11","0","0","1","1",""
"abolished exocytosis","abolished exocytosis","""abolished exocytosis""","0","0","NaN","1","1",""
"abolished filopodium formation","abolished filopodium formation","""abolished filopodium formation""","3","0","0","1","1",""
"abolished guanyl-nucleotide exchange factor activity","abolished guanyl-nucleotide exchange factor activity","""abolished guanyl-nucleotide exchange factor activity""","1","0","0","1","1",""
"abolished guanylyl cyclase activity","abolished guanylyl cyclase activity","""abolished guanylyl cyclase activity""","1","0","0","1","1",""
"abolished histone H3-K4 methylation","abolished histone H3-K4 methylation","""abolished histone H3-K4 methylation""","1","0","0","1","1",""
"abolished histone H3-K79 methylation","abolished histone H3-K79 methylation","""abolished histone H3-K79 methylation""","1","0","0","1","1",""
"abolished hypotonic response","abolished hypotonic response","""abolished hypotonic response""","3","0","0","1","1",""
"abolished lipid droplet formation","abolished lipid droplet formation","""abolished lipid droplet formation""","1","0","0","1","1",""
"abolished lower cup formation","abolished lower cup formation","""abolished lower cup formation""","1","0","0","1","1",""
"abolished macroautophagy","abolished macroautophagy","""abolished macroautophagy""","1","0","0","1","1",""
"abolished macropinocytosis","abolished macropinocytosis","""abolished macropinocytosis""","2","0","0","1","1",""
"abolished mating type determination","abolished mating type determination","""abolished mating type determination""","0","0","NaN","1","1",""
"abolished negative chemotaxis","abolished negative chemotaxis","""abolished negative chemotaxis""","2","0","0","1","1",""
"abolished negative regulation of vegetative growth","abolished negative regulation of vegetative growth","""abolished negative regulation of vegetative growth""","4","0","0","1","1",""
"abolished oscillatory cAMP signaling","abolished oscillatory cAMP signaling","""abolished oscillatory cAMP signaling""","12","0","0","1","1",""
"abolished outer basal disc formation","abolished outer basal disc formation","""abolished outer basal disc formation""","2","0","0","1","1",""
"abolished peptidyl-proline hydroxylation","abolished peptidyl-proline hydroxylation","""abolished peptidyl-proline hydroxylation""","1","0","0","1","1",""
"abolished phagosome acidification","abolished phagosome acidification","""abolished phagosome acidification""","1","0","0","1","1",""
"abolished phagosome reneutralization","abolished phagosome reneutralization","""abolished phagosome reneutralization""","0","0","NaN","1","1",""
"abolished phosphatidylinositol binding","abolished phosphatidylinositol binding","""abolished phosphatidylinositol binding""","1","0","0","1","1",""
"abolished phosphatidylinositol-4 5-bisphosphate binding","abolished phosphatidylinositol-4 5-bisphosphate binding","""abolished phosphatidylinositol-4 5-bisphosphate binding""","1","0","0","1","1",""
"abolished phototaxis","abolished phototaxis","""abolished phototaxis""","5","0","0","1","1",""
"abolished pinocytosis","abolished pinocytosis","""abolished pinocytosis""","2","0","0","1","1",""
"abolished polyketide metabolic process","abolished polyketide metabolic process","""abolished polyketide metabolic process""","2","0","0","1","1",""
"abolished positive chemotaxis","abolished positive chemotaxis","""abolished positive chemotaxis""","4","0","0","1","1",""
"abolished post-transciptional gene silencing by RNA","abolished post-transciptional gene silencing by RNA","""abolished post-transciptional gene silencing by RNA""","1","0","0","1","1",""
"abolished pre-miRNA processing","abolished pre-miRNA processing","""abolished pre-miRNA processing""","1","0","0","1","1",""
"abolished prespore cell differentiation","abolished prespore cell differentiation","""abolished prespore cell differentiation""","3","0","0","1","1",""
"abolished prespore cell division","abolished prespore cell division","""abolished prespore cell division""","1","0","0","1","1",""
"abolished prespore gene expression","abolished prespore gene expression","""abolished prespore gene expression""","4","0","0","1","1",""
"abolished prestalk B cell differentiation","abolished prestalk B cell differentiation","""abolished prestalk B cell differentiation""","1","0","0","1","1",""
"abolished prestalk O cell differentiation","abolished prestalk O cell differentiation","""abolished prestalk O cell differentiation""","1","0","0","1","1",""
"abolished prestalk cell differentiation","abolished prestalk cell differentiation","""abolished prestalk cell differentiation""","2","0","0","1","1",""
"abolished prestalk gene expression","abolished prestalk gene expression","""abolished prestalk gene expression""","2","0","0","1","1",""
"abolished production of siRNA involved in RNA interference","abolished production of siRNA involved in RNA interference","""abolished production of siRNA involved in RNA interference""","1","0","0","1","1",""
"abolished protein kinase activation","abolished protein kinase activation","""abolished protein kinase activation""","6","0","0","1","1",""
"abolished protein level","abolished protein level","""abolished protein level""","2","0","0","1","1",""
"abolished protein localization to actin wave","abolished protein localization to actin wave","""abolished protein localization to actin wave""","1","0","0","1","1",""
"abolished protein localization to apical plasma membrane","abolished protein localization to apical plasma membrane","""abolished protein localization to apical plasma membrane""","1","0","0","1","1",""
"abolished protein localization to autophagosome","abolished protein localization to autophagosome","""abolished protein localization to autophagosome""","2","0","0","1","1",""
"abolished protein localization to cell periphery","abolished protein localization to cell periphery","""abolished protein localization to cell periphery""","1","0","0","1","1",""
"abolished protein localization to cell surface","abolished protein localization to cell surface","""abolished protein localization to cell surface""","1","0","0","1","1",""
"abolished protein localization to cell-cell contact zone","abolished protein localization to cell-cell contact zone","""abolished protein localization to cell-cell contact zone""","1","0","0","1","1",""
"abolished protein localization to centrosome","abolished protein localization to centrosome","""abolished protein localization to centrosome""","1","0","0","1","1",""
"abolished protein localization to clathrin-coated pit","abolished protein localization to clathrin-coated pit","""abolished protein localization to clathrin-coated pit""","1","0","0","1","1",""
"abolished protein localization to cleavage furrow","abolished protein localization to cleavage furrow","""abolished protein localization to cleavage furrow""","6","0","0","1","1",""
"abolished protein localization to contractile vacuole","abolished protein localization to contractile vacuole","""abolished protein localization to contractile vacuole""","1","0","0","1","1",""
"abolished protein localization to cytoplasm","abolished protein localization to cytoplasm","""abolished protein localization to cytoplasm""","1","0","0","1","1",""
"abolished protein localization to cytoplasmic vesicle","abolished protein localization to cytoplasmic vesicle","""abolished protein localization to cytoplasmic vesicle""","0","0","NaN","1","1",""
"abolished protein localization to endolysosome","abolished protein localization to endolysosome","""abolished protein localization to endolysosome""","1","0","0","1","1",""
"abolished protein localization to leading edge","abolished protein localization to leading edge","""abolished protein localization to leading edge""","2","0","0","1","1",""
"abolished protein localization to macropinosome","abolished protein localization to macropinosome","""abolished protein localization to macropinosome""","0","0","NaN","1","1",""
"abolished protein localization to microtubule organizing center","abolished protein localization to microtubule organizing center","""abolished protein localization to microtubule organizing center""","2","0","0","1","1",""
"abolished protein localization to microtubules","abolished protein localization to microtubules","""abolished protein localization to microtubules""","1","0","0","1","1",""
"abolished protein localization to mitotic spindle midzone","abolished protein localization to mitotic spindle midzone","""abolished protein localization to mitotic spindle midzone""","1","0","0","1","1",""
"abolished protein localization to mitotic spindle","abolished protein localization to mitotic spindle","""abolished protein localization to mitotic spindle""","1","0","0","1","1",""
"abolished protein localization to nuclear envelope","abolished protein localization to nuclear envelope","""abolished protein localization to nuclear envelope""","1","0","0","1","1",""
"abolished protein localization to nucleus","abolished protein localization to nucleus","""abolished protein localization to nucleus""","9","0","0","1","1",""
"abolished protein localization to phagocytic vesicle","abolished protein localization to phagocytic vesicle","""abolished protein localization to phagocytic vesicle""","1","0","0","1","1",""
"abolished protein localization to plasma membrane","abolished protein localization to plasma membrane","""abolished protein localization to plasma membrane""","11","0","0","1","1",""
"abolished protein localization to pseudopodium","abolished protein localization to pseudopodium","""abolished protein localization to pseudopodium""","3","0","0","1","1",""
"abolished protein localization to trailing edge","abolished protein localization to trailing edge","""abolished protein localization to trailing edge""","3","0","0","1","1",""
"abolished protein localization","abolished protein localization","""abolished protein localization""","1","0","0","1","1",""
"abolished protein modification","abolished protein modification","""abolished protein modification""","1","0","0","1","1",""
"abolished protein phosphorylation","abolished protein phosphorylation","""abolished protein phosphorylation""","11","0","0","1","1",""
"abolished protein secretion","abolished protein secretion","""abolished protein secretion""","1","0","0","1","1",""
"abolished protein tyrosine phosphorylation","abolished protein tyrosine phosphorylation","""abolished protein tyrosine phosphorylation""","2","0","0","1","1",""
"abolished response to DIF-1","abolished response to DIF-1","""abolished response to DIF-1""","3","0","0","1","1",""
"abolished response to biotic stimulus","abolished response to biotic stimulus","""abolished response to biotic stimulus""","2","0","0","1","1",""
"abolished response to cAMP","abolished response to cAMP","""abolished response to cAMP""","1","0","0","1","1",""
"abolished slug development","abolished slug development","""abolished slug development""","2","0","0","1","1",""
"abolished slug migration","abolished slug migration","""abolished slug migration""","43","1","2.33","0.252777969184136","1","8628596"
"abolished small molecule binding","abolished small molecule binding","""abolished small molecule binding""","1","0","0","1","1",""
"abolished spore cell differentiation","abolished spore cell differentiation","""abolished spore cell differentiation""","5","0","0","1","1",""
"abolished sporulation","abolished sporulation","""abolished sporulation""","31","1","3.23","0.189318187904067","1","8622682"
"abolished stalk cell differentiation","abolished stalk cell differentiation","""abolished stalk cell differentiation""","8","0","0","1","1",""
"abolished stalk development","abolished stalk development","""abolished stalk development""","2","0","0","1","1",""
"abolished stream development","abolished stream development","""abolished stream development""","33","1","3.03","0.200248883341493","1","8625542"
"abolished transitive RNA interference","abolished transitive RNA interference","""abolished transitive RNA interference""","5","0","0","1","1",""
"abolished translation","abolished translation","""abolished translation""","1","0","0","1","1",""
"abolished uracil biosynthetic process","abolished uracil biosynthetic process","""abolished uracil biosynthetic process""","1","0","0","1","1",""
"decreased 3' 5'-cyclic-AMP phosphodiesterase activity","decreased 3' 5'-cyclic-AMP phosphodiesterase activity","""decreased 3' 5'-cyclic-AMP phosphodiesterase activity""","3","0","0","1","1",""
"decreased 3' 5'-cyclic-GMP phosphodiesterase activity","decreased 3' 5'-cyclic-GMP phosphodiesterase activity","""decreased 3' 5'-cyclic-GMP phosphodiesterase activity""","1","0","0","1","1",""
"decreased ATP level","decreased ATP level","""decreased ATP level""","5","0","0","1","1",""
"decreased DNA methylation on cytosine","decreased DNA methylation on cytosine","""decreased DNA methylation on cytosine""","1","0","0","1","1",""
"decreased actin filament bundle assembly","decreased actin filament bundle assembly","""decreased actin filament bundle assembly""","1","0","0","1","1",""
"decreased actin filament polymerization at leading edge","decreased actin filament polymerization at leading edge","""decreased actin filament polymerization at leading edge""","4","0","0","1","1",""
"decreased actin filament polymerization","decreased actin filament polymerization","""decreased actin filament polymerization""","33","0","0","1","1",""
"decreased actin filament sliding","decreased actin filament sliding","""decreased actin filament sliding""","1","0","0","1","1",""
"decreased actin nucleation","decreased actin nucleation","""decreased actin nucleation""","1","0","0","1","1",""
"decreased actin phosphorylation","decreased actin phosphorylation","""decreased actin phosphorylation""","1","0","0","1","1",""
"decreased activation of GTPase activity","decreased activation of GTPase activity","""decreased activation of GTPase activity""","9","0","0","1","1",""
"decreased activation of adenylate cyclase activity","decreased activation of adenylate cyclase activity","""decreased activation of adenylate cyclase activity""","6","0","0","1","1",""
"decreased adenylate cyclase activity","decreased adenylate cyclase activity","""decreased adenylate cyclase activity""","2","0","0","1","1",""
"decreased ammonia level","decreased ammonia level","""decreased ammonia level""","3","0","0","1","1",""
"decreased autophagic cell death","decreased autophagic cell death","""decreased autophagic cell death""","2","0","0","1","1",""
"decreased autophagic vacuole organization","decreased autophagic vacuole organization","""decreased autophagic vacuole organization""","3","0","0","1","1",""
"decreased autophagy","decreased autophagy","""decreased autophagy""","4","0","0","1","1",""
"decreased cAMP binding","decreased cAMP binding","""decreased cAMP binding""","2","0","0","1","1",""
"decreased cAMP level","decreased cAMP level","""decreased cAMP level""","14","0","0","1","1",""
"decreased cGMP biosynthesis","decreased cGMP biosynthesis","""decreased cGMP biosynthesis""","4","0","0","1","1",""
"decreased calcium ion import","decreased calcium ion import","""decreased calcium ion import""","3","0","0","1","1",""
"decreased calcium-dependent cell-cell adhesion","decreased calcium-dependent cell-cell adhesion","""decreased calcium-dependent cell-cell adhesion""","1","0","0","1","1",""
"decreased calcium-independent cell-cell adhesion","decreased calcium-independent cell-cell adhesion","""decreased calcium-independent cell-cell adhesion""","1","0","0","1","1",""
"decreased catalase activity","decreased catalase activity","""decreased catalase activity""","1","0","0","1","1",""
"decreased cell death","decreased cell death","""decreased cell death""","1","0","0","1","1",""
"decreased cell fate determination","decreased cell fate determination","""decreased cell fate determination""","1","0","0","1","1",""
"decreased cell migration to prestalk region","decreased cell migration to prestalk region","""decreased cell migration to prestalk region""","6","0","0","1","1",""
"decreased cell-substrate adhesion","decreased cell-substrate adhesion","""decreased cell-substrate adhesion""","29","1","3.45","0.178241536536085","1","8622318"
"decreased cellular localization","decreased cellular localization","""decreased cellular localization""","1","0","0","1","1",""
"decreased cellular thermotolerance","decreased cellular thermotolerance","""decreased cellular thermotolerance""","0","0","NaN","1","1",""
"decreased chemotaxis rate","decreased chemotaxis rate","""decreased chemotaxis rate""","36","1","2.78","0.216375363183716","1","8615885"
"decreased chemotaxis to folate","decreased chemotaxis to folate","""decreased chemotaxis to folate""","14","0","0","1","1",""
"decreased contractile vacuole discharge","decreased contractile vacuole discharge","""decreased contractile vacuole discharge""","2","0","0","1","1",""
"decreased contractile vacuole size","decreased contractile vacuole size","""decreased contractile vacuole size""","4","0","0","1","1",""
"decreased culmination","decreased culmination","""decreased culmination""","10","0","0","1","1",""
"decreased cytochrome C oxidase activity","decreased cytochrome C oxidase activity","""decreased cytochrome C oxidase activity""","0","0","NaN","1","1",""
"decreased defense response to bacterium","decreased defense response to bacterium","""decreased defense response to bacterium""","4","0","0","1","1",""
"decreased defense response to fungus","decreased defense response to fungus","""decreased defense response to fungus""","1","0","0","1","1",""
"decreased double-strand break repair via homologous recombination","decreased double-strand break repair via homologous recombination","""decreased double-strand break repair via homologous recombination""","1","0","0","1","1",""
"decreased double-strand break repair via nonhomologous end joining","decreased double-strand break repair via nonhomologous end joining","""decreased double-strand break repair via nonhomologous end joining""","4","0","0","1","1",""
"decreased double-strand break repair","decreased double-strand break repair","""decreased double-strand break repair""","1","0","0","1","1",""
"decreased endosomal vesicle fusion","decreased endosomal vesicle fusion","""decreased endosomal vesicle fusion""","1","0","0","1","1",""
"decreased engulfment during phagocytosis","decreased engulfment during phagocytosis","""decreased engulfment during phagocytosis""","3","0","0","1","1",""
"decreased epithelium-like organization","decreased epithelium-like organization","""decreased epithelium-like organization""","0","0","NaN","1","1",""
"decreased establishment of cell polarity","decreased establishment of cell polarity","""decreased establishment of cell polarity""","33","0","0","1","1",""
"decreased fatty acid level","decreased fatty acid level","""decreased fatty acid level""","2","0","0","1","1",""
"decreased filopodium formation","decreased filopodium formation","""decreased filopodium formation""","8","0","0","1","1",""
"decreased folic acid binding","decreased folic acid binding","""decreased folic acid binding""","0","0","NaN","1","1",""
"decreased fruiting body size","decreased fruiting body size","""decreased fruiting body size""","77","1","1.3","0.407361466324306","1","8626211"
"decreased guanyl-nucleotide exchange factor activity","decreased guanyl-nucleotide exchange factor activity","""decreased guanyl-nucleotide exchange factor activity""","1","0","0","1","1",""
"decreased histone deacetylase activity","decreased histone deacetylase activity","""decreased histone deacetylase activity""","0","0","NaN","1","1",""
"decreased hypotonic response","decreased hypotonic response","""decreased hypotonic response""","5","0","0","1","1",""
"decreased intracellular pH","decreased intracellular pH","""decreased intracellular pH""","1","0","0","1","1",""
"decreased lateral pseudopodium formation","decreased lateral pseudopodium formation","""decreased lateral pseudopodium formation""","3","0","0","1","1",""
"decreased lipid binding","decreased lipid binding","""decreased lipid binding""","1","0","0","1","1",""
"decreased lipid droplet formation","decreased lipid droplet formation","""decreased lipid droplet formation""","1","0","0","1","1",""
"decreased lower cup size","decreased lower cup size","""decreased lower cup size""","1","0","0","1","1",""
"decreased lysosomal protein degradation","decreased lysosomal protein degradation","""decreased lysosomal protein degradation""","4","0","0","1","1",""
"decreased lysosome size","decreased lysosome size","""decreased lysosome size""","0","0","NaN","1","1",""
"decreased macroautophagy","decreased macroautophagy","""decreased macroautophagy""","0","0","NaN","1","1",""
"decreased macrocyst size","decreased macrocyst size","""decreased macrocyst size""","1","0","0","1","1",""
"decreased microtubule nucleation","decreased microtubule nucleation","""decreased microtubule nucleation""","1","0","0","1","1",""
"decreased migratory slug size","decreased migratory slug size","""decreased migratory slug size""","4","0","0","1","1",""
"decreased mitochondrial fusion","decreased mitochondrial fusion","""decreased mitochondrial fusion""","2","0","0","1","1",""
"decreased myo-inositol level","decreased myo-inositol level","""decreased myo-inositol level""","1","0","0","1","1",""
"decreased myosin II assembly","decreased myosin II assembly","""decreased myosin II assembly""","17","0","0","1","1",""
"decreased number of astral microtubules","decreased number of astral microtubules","""decreased number of astral microtubules""","0","0","NaN","1","1",""
"decreased number of autophagosomes","decreased number of autophagosomes","""decreased number of autophagosomes""","2","0","0","1","1",""
"decreased number of mitochondria","decreased number of mitochondria","""decreased number of mitochondria""","3","0","0","1","1",""
"decreased number of mounds","decreased number of mounds","""decreased number of mounds""","3","0","0","1","1",""
"decreased number of post-lysosomal vacuoles","decreased number of post-lysosomal vacuoles","""decreased number of post-lysosomal vacuoles""","1","0","0","1","1",""
"decreased number of vacuoles","decreased number of vacuoles","""decreased number of vacuoles""","1","0","0","1","1",""
"decreased oscillatory cAMP signaling","decreased oscillatory cAMP signaling","""decreased oscillatory cAMP signaling""","7","0","0","1","1",""
"decreased outer basal disc size","decreased outer basal disc size","""decreased outer basal disc size""","1","0","0","1","1",""
"decreased peptidyl-proline hydroxylation","decreased peptidyl-proline hydroxylation","""decreased peptidyl-proline hydroxylation""","1","0","0","1","1",""
"decreased phagolysosome formation","decreased phagolysosome formation","""decreased phagolysosome formation""","1","0","0","1","1",""
"decreased phagolysosome size","decreased phagolysosome size","""decreased phagolysosome size""","2","0","0","1","1",""
"decreased phosphatidylinositol biosynthesis","decreased phosphatidylinositol biosynthesis","""decreased phosphatidylinositol biosynthesis""","1","0","0","1","1",""
"decreased pinocytosis","decreased pinocytosis","""decreased pinocytosis""","34","1","2.94","0.20566008573008","1","8623694"
"decreased pinosome size","decreased pinosome size","""decreased pinosome size""","1","0","0","1","1",""
"decreased plasma membrane organization","decreased plasma membrane organization","""decreased plasma membrane organization""","0","0","NaN","1","1",""
"decreased positive regulation of GTPase activity","decreased positive regulation of GTPase activity","""decreased positive regulation of GTPase activity""","8","0","0","1","1",""
"decreased post-lysosomal vacuole size","decreased post-lysosomal vacuole size","""decreased post-lysosomal vacuole size""","1","0","0","1","1",""
"decreased prespore cell differentiation","decreased prespore cell differentiation","""decreased prespore cell differentiation""","16","0","0","1","1",""
"decreased prespore gene expression","decreased prespore gene expression","""decreased prespore gene expression""","17","0","0","1","1",""
"decreased prestalk A cell differentiation","decreased prestalk A cell differentiation","""decreased prestalk A cell differentiation""","2","0","0","1","1",""
"decreased prestalk B cell differentiation","decreased prestalk B cell differentiation","""decreased prestalk B cell differentiation""","1","0","0","1","1",""
"decreased prestalk O cell differentiation","decreased prestalk O cell differentiation","""decreased prestalk O cell differentiation""","4","0","0","1","1",""
"decreased prestalk cell differentiation","decreased prestalk cell differentiation","""decreased prestalk cell differentiation""","6","0","0","1","1",""
"decreased protein binding","decreased protein binding","""decreased protein binding""","3","0","0","1","1",""
"decreased protein kinase activation","decreased protein kinase activation","""decreased protein kinase activation""","20","0","0","1","1",""
"decreased protein kinase activity","decreased protein kinase activity","""decreased protein kinase activity""","3","0","0","1","1",""
"decreased protein localization to autophagosome","decreased protein localization to autophagosome","""decreased protein localization to autophagosome""","1","0","0","1","1",""
"decreased protein localization to cell cortex","decreased protein localization to cell cortex","""decreased protein localization to cell cortex""","7","0","0","1","1",""
"decreased protein localization to cell surface","decreased protein localization to cell surface","""decreased protein localization to cell surface""","2","0","0","1","1",""
"decreased protein localization to cleavage furrow","decreased protein localization to cleavage furrow","""decreased protein localization to cleavage furrow""","4","0","0","1","1",""
"decreased protein localization to cytoplasm","decreased protein localization to cytoplasm","""decreased protein localization to cytoplasm""","1","0","0","1","1",""
"decreased protein localization to leading edge","decreased protein localization to leading edge","""decreased protein localization to leading edge""","1","0","0","1","1",""
"decreased protein localization to microtubule organizing center","decreased protein localization to microtubule organizing center","""decreased protein localization to microtubule organizing center""","0","0","NaN","1","1",""
"decreased protein localization to nuclear envelope","decreased protein localization to nuclear envelope","""decreased protein localization to nuclear envelope""","1","0","0","1","1",""
"decreased protein localization to nucleus","decreased protein localization to nucleus","""decreased protein localization to nucleus""","1","0","0","1","1",""
"decreased protein localization to phagocytic vesicle","decreased protein localization to phagocytic vesicle","""decreased protein localization to phagocytic vesicle""","2","0","0","1","1",""
"decreased protein localization to plasma membrane","decreased protein localization to plasma membrane","""decreased protein localization to plasma membrane""","10","0","0","1","1",""
"decreased protein localization to post-lysosomal vacuole","decreased protein localization to post-lysosomal vacuole","""decreased protein localization to post-lysosomal vacuole""","0","0","NaN","1","1",""
"decreased protein localization to pseudopodium","decreased protein localization to pseudopodium","""decreased protein localization to pseudopodium""","1","0","0","1","1",""
"decreased protein localization","decreased protein localization","""decreased protein localization""","4","0","0","1","1",""
"decreased protein modification","decreased protein modification","""decreased protein modification""","1","0","0","1","1",""
"decreased protein phosphorylation","decreased protein phosphorylation","""decreased protein phosphorylation""","8","0","0","1","1",""
"decreased protein processing in phagocytic vesicle","decreased protein processing in phagocytic vesicle","""decreased protein processing in phagocytic vesicle""","6","0","0","1","1",""
"decreased protein stabilization","decreased protein stabilization","""decreased protein stabilization""","4","0","0","1","1",""
"decreased protein tyrosine phosphorylation","decreased protein tyrosine phosphorylation","""decreased protein tyrosine phosphorylation""","2","0","0","1","1",""
"decreased pseudopodium formation","decreased pseudopodium formation","""decreased pseudopodium formation""","4","0","0","1","1",""
"decreased pseudopodium retraction","decreased pseudopodium retraction","""decreased pseudopodium retraction""","2","0","0","1","1",""
"decreased pseudopodium size","decreased pseudopodium size","""decreased pseudopodium size""","2","0","0","1","1",""
"decreased pteridine level","decreased pteridine level","""decreased pteridine level""","0","0","NaN","1","1",""
"decreased rate of endocytosis","decreased rate of endocytosis","""decreased rate of endocytosis""","6","0","0","1","1",""
"decreased resistance to bleomycin","decreased resistance to bleomycin","""decreased resistance to bleomycin""","5","0","0","1","1",""
"decreased resistance to carboplatin","decreased resistance to carboplatin","""decreased resistance to carboplatin""","3","0","0","1","1",""
"decreased resistance to cisplatin","decreased resistance to cisplatin","""decreased resistance to cisplatin""","6","0","0","1","1",""
"decreased resistance to mitomycin C","decreased resistance to mitomycin C","""decreased resistance to mitomycin C""","1","0","0","1","1",""
"decreased resistance to nocodazole","decreased resistance to nocodazole","""decreased resistance to nocodazole""","0","0","NaN","1","1",""
"decreased resistance to phleomycin","decreased resistance to phleomycin","""decreased resistance to phleomycin""","3","0","0","1","1",""
"decreased response to DIF-1","decreased response to DIF-1","""decreased response to DIF-1""","1","0","0","1","1",""
"decreased response to bacterium","decreased response to bacterium","""decreased response to bacterium""","1","0","0","1","1",""
"decreased response to cAMP","decreased response to cAMP","""decreased response to cAMP""","2","0","0","1","1",""
"decreased response to hypoxia","decreased response to hypoxia","""decreased response to hypoxia""","1","0","0","1","1",""
"decreased sexual fusion","decreased sexual fusion","""decreased sexual fusion""","3","0","0","1","1",""
"decreased single-strand break repair","decreased single-strand break repair","""decreased single-strand break repair""","2","0","0","1","1",""
"decreased size of astral microtubules","decreased size of astral microtubules","""decreased size of astral microtubules""","0","0","NaN","1","1",""
"decreased slime trail","decreased slime trail","""decreased slime trail""","1","0","0","1","1",""
"decreased slug migration","decreased slug migration","""decreased slug migration""","11","0","0","1","1",""
"decreased small molecule binding","decreased small molecule binding","""decreased small molecule binding""","2","0","0","1","1",""
"decreased socially cooperative development","decreased socially cooperative development","""decreased socially cooperative development""","19","0","0","1","1",""
"decreased sorus size","decreased sorus size","""decreased sorus size""","2","0","0","1","1",""
"decreased spore cell differentiation","decreased spore cell differentiation","""decreased spore cell differentiation""","13","0","0","1","1",""
"decreased spore resistance to hydrogen peroxide","decreased spore resistance to hydrogen peroxide","""decreased spore resistance to hydrogen peroxide""","1","0","0","1","1",""
"decreased spore size","decreased spore size","""decreased spore size""","4","0","0","1","1",""
"decreased stalk cell differentiation","decreased stalk cell differentiation","""decreased stalk cell differentiation""","4","0","0","1","1",""
"decreased stalk length","decreased stalk length","""decreased stalk length""","16","0","0","1","1",""
"decreased standing slug width","decreased standing slug width","""decreased standing slug width""","3","0","0","1","1",""
"decreased substrate adhesion-dependent cell spreading","decreased substrate adhesion-dependent cell spreading","""decreased substrate adhesion-dependent cell spreading""","2","0","0","1","1",""
"decreased superoxide generation","decreased superoxide generation","""decreased superoxide generation""","5","0","0","1","1",""
"decreased taxis","decreased taxis","""decreased taxis""","6","0","0","1","1",""
"decreased uropod retraction","decreased uropod retraction","""decreased uropod retraction""","3","0","0","1","1",""
"delayed cell separation during cytokinesis","delayed cell separation during cytokinesis","""delayed cell separation during cytokinesis""","2","0","0","1","1",""
"delayed culmination","delayed culmination","""delayed culmination""","29","0","0","1","1",""
"delayed cytokinesis","delayed cytokinesis","""delayed cytokinesis""","1","0","0","1","1",""
"delayed development of tipped mound","delayed development of tipped mound","""delayed development of tipped mound""","13","0","0","1","1",""
"delayed gene expression","delayed gene expression","""delayed gene expression""","14","0","0","1","1",""
"delayed hypotonic response","delayed hypotonic response","""delayed hypotonic response""","3","0","0","1","1",""
"delayed mitotic cell cycle","delayed mitotic cell cycle","""delayed mitotic cell cycle""","2","0","0","1","1",""
"delayed phagosome acidification","delayed phagosome acidification","""delayed phagosome acidification""","2","0","0","1","1",""
"delayed phagosome reneutralization","delayed phagosome reneutralization","""delayed phagosome reneutralization""","1","0","0","1","1",""
"delayed prespore gene expression","delayed prespore gene expression","""delayed prespore gene expression""","3","0","0","1","1",""
"delayed prestalk gene expression","delayed prestalk gene expression","""delayed prestalk gene expression""","7","0","0","1","1",""
"delayed pseudopodium formation","delayed pseudopodium formation","""delayed pseudopodium formation""","1","0","0","1","1",""
"delayed response to cAMP","delayed response to cAMP","""delayed response to cAMP""","1","0","0","1","1",""
"delayed slug development","delayed slug development","""delayed slug development""","5","0","0","1","1",""
"delayed sporulation","delayed sporulation","""delayed sporulation""","2","0","0","1","1",""
"development arrests at slug stage","development arrests at slug stage","""development arrests at slug stage""","17","0","0","1","1",""
"development arrests at tight mound stage","development arrests at tight mound stage","""development arrests at tight mound stage""","1","0","0","1","1",""
"development arrests at tipped mound stage","development arrests at tipped mound stage","""development arrests at tipped mound stage""","12","0","0","1","1",""
"increased  glucose level","increased  glucose level","""increased  glucose level""","3","0","0","1","1",""
"increased 2 3-bisphosphoglycerate level","increased 2 3-bisphosphoglycerate level","""increased 2 3-bisphosphoglycerate level""","1","0","0","1","1",""
"increased ATP level","increased ATP level","""increased ATP level""","1","0","0","1","1",""
"increased actin bundle formation","increased actin bundle formation","""increased actin bundle formation""","1","0","0","1","1",""
"increased actin filament depolymerization","increased actin filament depolymerization","""increased actin filament depolymerization""","1","0","0","1","1",""
"increased actin filament polymerization at leading edge","increased actin filament polymerization at leading edge","""increased actin filament polymerization at leading edge""","4","0","0","1","1",""
"increased actin filament polymerization","increased actin filament polymerization","""increased actin filament polymerization""","31","1","3.23","0.189318187904067","1","8626211"
"increased actin phosphorylation","increased actin phosphorylation","""increased actin phosphorylation""","2","0","0","1","1",""
"increased activation of GTPase activity","increased activation of GTPase activity","""increased activation of GTPase activity""","9","0","0","1","1",""
"increased adenylate cyclase activity","increased adenylate cyclase activity","""increased adenylate cyclase activity""","1","0","0","1","1",""
"increased autophagic cell death","increased autophagic cell death","""increased autophagic cell death""","1","0","0","1","1",""
"increased bleb assembly","increased bleb assembly","""increased bleb assembly""","13","0","0","1","1",""
"increased cAMP binding","increased cAMP binding","""increased cAMP binding""","1","0","0","1","1",""
"increased cAMP level","increased cAMP level","""increased cAMP level""","8","0","0","1","1",""
"increased cGMP biosynthesis","increased cGMP biosynthesis","""increased cGMP biosynthesis""","1","0","0","1","1",""
"increased cGMP-mediated signaling","increased cGMP-mediated signaling","""increased cGMP-mediated signaling""","2","0","0","1","1",""
"increased calcium-dependent cell-cell adhesion","increased calcium-dependent cell-cell adhesion","""increased calcium-dependent cell-cell adhesion""","1","0","0","1","1",""
"increased calcium-independent cell-cell adhesion","increased calcium-independent cell-cell adhesion","""increased calcium-independent cell-cell adhesion""","2","0","0","1","1",""
"increased catalytic activity","increased catalytic activity","""increased catalytic activity""","4","0","0","1","1",""
"increased cell death","increased cell death","""increased cell death""","12","0","0","1","1",""
"increased cell differentiation","increased cell differentiation","""increased cell differentiation""","1","0","0","1","1",""
"increased cell migration to prestalk region","increased cell migration to prestalk region","""increased cell migration to prestalk region""","5","0","0","1","1",""
"increased cell-cell adhesion","increased cell-cell adhesion","""increased cell-cell adhesion""","13","0","0","1","1",""
"increased cell-substrate adhesion","increased cell-substrate adhesion","""increased cell-substrate adhesion""","31","1","3.23","0.189318187904067","1","8623483"
"increased cellular localization","increased cellular localization","""increased cellular localization""","1","0","0","1","1",""
"increased cellular thermotolerance","increased cellular thermotolerance","""increased cellular thermotolerance""","4","0","0","1","1",""
"increased chemotaxis rate","increased chemotaxis rate","""increased chemotaxis rate""","4","0","0","1","1",""
"increased chemotaxis to arachidonic acid","increased chemotaxis to arachidonic acid","""increased chemotaxis to arachidonic acid""","1","0","0","1","1",""
"increased chemotaxis to folate","increased chemotaxis to folate","""increased chemotaxis to folate""","5","0","0","1","1",""
"increased contractile vacuole size","increased contractile vacuole size","""increased contractile vacuole size""","4","0","0","1","1",""
"increased culmination","increased culmination","""increased culmination""","1","0","0","1","1",""
"increased defense response to Gram-positive bacterium","increased defense response to Gram-positive bacterium","""increased defense response to Gram-positive bacterium""","1","0","0","1","1",""
"increased defense response to fungus","increased defense response to fungus","""increased defense response to fungus""","2","0","0","1","1",""
"increased endocytic recycling","increased endocytic recycling","""increased endocytic recycling""","1","0","0","1","1",""
"increased endosomal vesicle fusion","increased endosomal vesicle fusion","""increased endosomal vesicle fusion""","2","0","0","1","1",""
"increased endosome size","increased endosome size","""increased endosome size""","1","0","0","1","1",""
"increased establishment of cell polarity","increased establishment of cell polarity","""increased establishment of cell polarity""","4","0","0","1","1",""
"increased exocytosis","increased exocytosis","""increased exocytosis""","5","0","0","1","1",""
"increased filopodium formation","increased filopodium formation","""increased filopodium formation""","17","0","0","1","1",""
"increased guanyl-nucleotide exchange factor activity","increased guanyl-nucleotide exchange factor activity","""increased guanyl-nucleotide exchange factor activity""","2","0","0","1","1",""
"increased guanylyl cyclase activity","increased guanylyl cyclase activity","""increased guanylyl cyclase activity""","1","0","0","1","1",""
"increased intracellular ammonia level","increased intracellular ammonia level","""increased intracellular ammonia level""","1","0","0","1","1",""
"increased lateral pseudopodium formation","increased lateral pseudopodium formation","""increased lateral pseudopodium formation""","25","0","0","1","1",""
"increased lysosomal pH","increased lysosomal pH","""increased lysosomal pH""","2","0","0","1","1",""
"increased lysosome size","increased lysosome size","""increased lysosome size""","2","0","0","1","1",""
"increased macropinocytosis","increased macropinocytosis","""increased macropinocytosis""","8","0","0","1","1",""
"increased membrane ruffling","increased membrane ruffling","""increased membrane ruffling""","5","0","0","1","1",""
"increased mitochondrial fission","increased mitochondrial fission","""increased mitochondrial fission""","2","0","0","1","1",""
"increased myo-inositol level","increased myo-inositol level","""increased myo-inositol level""","1","0","0","1","1",""
"increased necrotic cell death","increased necrotic cell death","""increased necrotic cell death""","1","0","0","1","1",""
"increased number of autophagosomes","increased number of autophagosomes","""increased number of autophagosomes""","4","0","0","1","1",""
"increased number of centrosomes","increased number of centrosomes","""increased number of centrosomes""","3","0","0","1","1",""
"increased number of contractile vacuoles","increased number of contractile vacuoles","""increased number of contractile vacuoles""","1","0","0","1","1",""
"increased number of early culminant tips","increased number of early culminant tips","""increased number of early culminant tips""","3","0","0","1","1",""
"increased number of microtubule organizing center","increased number of microtubule organizing center","""increased number of microtubule organizing center""","2","0","0","1","1",""
"increased number of mitochondria","increased number of mitochondria","""increased number of mitochondria""","1","0","0","1","1",""
"increased number of mounds","increased number of mounds","""increased number of mounds""","6","0","0","1","1",""
"increased number of pinosomes","increased number of pinosomes","""increased number of pinosomes""","1","0","0","1","1",""
"increased phagocytosis","increased phagocytosis","""increased phagocytosis""","30","0","0","1","1",""
"increased phototaxis","increased phototaxis","""increased phototaxis""","1","0","0","1","1",""
"increased pinocytosis","increased pinocytosis","""increased pinocytosis""","7","0","0","1","1",""
"increased positive regulation of GTPase activity","increased positive regulation of GTPase activity","""increased positive regulation of GTPase activity""","2","0","0","1","1",""
"increased post-lysosomal vacuole size","increased post-lysosomal vacuole size","""increased post-lysosomal vacuole size""","1","0","0","1","1",""
"increased post-transciptional gene silencing by RNA","increased post-transciptional gene silencing by RNA","""increased post-transciptional gene silencing by RNA""","1","0","0","1","1",""
"increased pre-miRNA processing","increased pre-miRNA processing","""increased pre-miRNA processing""","2","0","0","1","1",""
"increased prespore cell differentiation","increased prespore cell differentiation","""increased prespore cell differentiation""","8","0","0","1","1",""
"increased prespore gene expression","increased prespore gene expression","""increased prespore gene expression""","5","0","0","1","1",""
"increased prestalk A cell differentiation","increased prestalk A cell differentiation","""increased prestalk A cell differentiation""","3","0","0","1","1",""
"increased prestalk B cell differentiation","increased prestalk B cell differentiation","""increased prestalk B cell differentiation""","1","0","0","1","1",""
"increased prestalk O cell differentiation","increased prestalk O cell differentiation","""increased prestalk O cell differentiation""","5","0","0","1","1",""
"increased prestalk cell differentiation","increased prestalk cell differentiation","""increased prestalk cell differentiation""","11","0","0","1","1",""
"increased prestalk gene expression","increased prestalk gene expression","""increased prestalk gene expression""","10","0","0","1","1",""
"increased protein binding","increased protein binding","""increased protein binding""","1","0","0","1","1",""
"increased protein kinase activation","increased protein kinase activation","""increased protein kinase activation""","14","0","0","1","1",""
"increased protein kinase activity","increased protein kinase activity","""increased protein kinase activity""","3","0","0","1","1",""
"increased protein localization to cell cortex","increased protein localization to cell cortex","""increased protein localization to cell cortex""","3","0","0","1","1",""
"increased protein localization to cell surface","increased protein localization to cell surface","""increased protein localization to cell surface""","1","0","0","1","1",""
"increased protein localization to cytoplasm","increased protein localization to cytoplasm","""increased protein localization to cytoplasm""","1","0","0","1","1",""
"increased protein localization to nucleus","increased protein localization to nucleus","""increased protein localization to nucleus""","2","0","0","1","1",""
"increased protein localization to pseudopodium","increased protein localization to pseudopodium","""increased protein localization to pseudopodium""","1","0","0","1","1",""
"increased protein localization","increased protein localization","""increased protein localization""","2","0","0","1","1",""
"increased protein modification","increased protein modification","""increased protein modification""","6","0","0","1","1",""
"increased protein phosphorylation","increased protein phosphorylation","""increased protein phosphorylation""","5","0","0","1","1",""
"increased protein secretion","increased protein secretion","""increased protein secretion""","2","0","0","1","1",""
"increased protein tyrosine phosphorylation","increased protein tyrosine phosphorylation","""increased protein tyrosine phosphorylation""","3","0","0","1","1",""
"increased pseudopodium formation","increased pseudopodium formation","""increased pseudopodium formation""","7","0","0","1","1",""
"increased pseudopodium size","increased pseudopodium size","""increased pseudopodium size""","1","0","0","1","1",""
"increased rate of endocytosis","increased rate of endocytosis","""increased rate of endocytosis""","2","0","0","1","1",""
"increased resistance to 5-Fluoroorotic acid","increased resistance to 5-Fluoroorotic acid","""increased resistance to 5-Fluoroorotic acid""","1","0","0","1","1",""
"increased resistance to N-Phenylthiourea","increased resistance to N-Phenylthiourea","""increased resistance to N-Phenylthiourea""","3","0","0","1","1",""
"increased resistance to alendronic acid","increased resistance to alendronic acid","""increased resistance to alendronic acid""","1","0","0","1","1",""
"increased resistance to carboplatin","increased resistance to carboplatin","""increased resistance to carboplatin""","2","0","0","1","1",""
"increased resistance to cheating during development","increased resistance to cheating during development","""increased resistance to cheating during development""","0","0","NaN","1","1",""
"increased resistance to naringenin","increased resistance to naringenin","""increased resistance to naringenin""","0","0","NaN","1","1",""
"increased resistance to nocodazole","increased resistance to nocodazole","""increased resistance to nocodazole""","0","0","NaN","1","1",""
"increased resistance to spectinomycin","increased resistance to spectinomycin","""increased resistance to spectinomycin""","1","0","0","1","1",""
"increased resistance to valproic acid","increased resistance to valproic acid","""increased resistance to valproic acid""","2","0","0","1","1",""
"increased response to cAMP","increased response to cAMP","""increased response to cAMP""","0","0","NaN","1","1",""
"increased response to hypoxia","increased response to hypoxia","""increased response to hypoxia""","4","0","0","1","1",""
"increased response to lithium","increased response to lithium","""increased response to lithium""","2","0","0","1","1",""
"increased secretion of lysosomal enzymes","increased secretion of lysosomal enzymes","""increased secretion of lysosomal enzymes""","8","0","0","1","1",""
"increased sorus size","increased sorus size","""increased sorus size""","4","0","0","1","1",""
"increased sporulation","increased sporulation","""increased sporulation""","4","0","0","1","1",""
"increased stalk cell differentiation","increased stalk cell differentiation","""increased stalk cell differentiation""","1","0","0","1","1",""
"increased stalk width","increased stalk width","""increased stalk width""","6","0","0","1","1",""
"increased standing slug length","increased standing slug length","""increased standing slug length""","2","0","0","1","1",""
"increased substrate adhesion-dependent cell spreading","increased substrate adhesion-dependent cell spreading","""increased substrate adhesion-dependent cell spreading""","1","0","0","1","1",""
"mitotic M phase arrest","mitotic M phase arrest","""mitotic M phase arrest""","1","0","0","1","1",""
"precocious culmination","precocious culmination","""precocious culmination""","4","0","0","1","1",""
"precocious development of tipped mound","precocious development of tipped mound","""precocious development of tipped mound""","4","0","0","1","1",""
"precocious development","precocious development","""precocious development""","30","1","3.33","0.183798225085711","1","8618358"
"precocious gene expression","precocious gene expression","""precocious gene expression""","14","0","0","1","1",""
"precocious hypotonic response","precocious hypotonic response","""precocious hypotonic response""","1","0","0","1","1",""
"precocious mitotic spindle elongation","precocious mitotic spindle elongation","""precocious mitotic spindle elongation""","1","0","0","1","1",""
"precocious phagosome acidification","precocious phagosome acidification","""precocious phagosome acidification""","1","0","0","1","1",""
"precocious prespore gene expression","precocious prespore gene expression","""precocious prespore gene expression""","4","0","0","1","1",""
"precocious prestalk gene expression","precocious prestalk gene expression","""precocious prestalk gene expression""","4","0","0","1","1",""
"precocious spore germination","precocious spore germination","""precocious spore germination""","4","0","0","1","1",""
"precocious sporulation","precocious sporulation","""precocious sporulation""","5","0","0","1","1",""
"wild type","wild type","""wild type""","346","15","4.34","3.00483596463546e-09","1.99821591648258e-06","8616402,8616495,8617591,8617592,8618223,8618358,8621902,8623948,8624038,8625542,8626305,8626571,8626797,8628576,8629459"
